{"name":"WelcomeIntent","identifier":"LFSSARIHNF","description":null,"parentIntentSignature":null,"sampleUtterances":[{"utterance":"Hi"},{"utterance":"Help"},{"utterance":"Hello"}],"intentConfirmationSetting":null,"intentClosingSetting":null,"initialResponseSetting":{"conditional":null,"codeHook":{"isActive":false,"enableCodeHookInvocation":true,"invocationLabel":null,"postCodeHookSpecification":{"failureResponse":null,"failureNextStep":{"sessionAttributes":null,"intent":{"name":null,"slots":null},"dialogAction":{"type":"EndConversation","slotToElicit":null,"suppressNextMessage":null,"intentsInScope":null}},"failureConditional":null,"successResponse":null,"successNextStep":{"sessionAttributes":null,"intent":{"name":null,"slots":null},"dialogAction":{"type":"EndConversation","slotToElicit":null,"suppressNextMessage":null,"intentsInScope":null}},"successConditional":null,"timeoutResponse":null,"timeoutNextStep":{"sessionAttributes":null,"intent":{"name":null,"slots":null},"dialogAction":{"type":"EndConversation","slotToElicit":null,"suppressNextMessage":null,"intentsInScope":null}},"timeoutConditional":null}},"nextStep":{"sessionAttributes":null,"intent":{"name":null,"slots":null},"dialogAction":{"type":"EndConversation","slotToElicit":null,"suppressNextMessage":null,"intentsInScope":null}},"initialResponse":{"messageGroupsList":[{"message":{"ssmlMessage":null,"customPayload":null,"plainTextMessage":{"value":"Good Day. My name is Jack. How can I help?"},"imageResponseCard":null},"variations":[{"ssmlMessage":null,"customPayload":null,"plainTextMessage":{"value":"Hi, I'm Jack. How can I be of assistance today?"},"imageResponseCard":null}]}],"allowInterrupt":true}},"inputContexts":null,"outputContexts":null,"kendraConfiguration":null,"qnAIntentConfiguration":null,"bedrockAgentIntentConfiguration":null,"qInConnectIntentConfiguration":null,"dialogCodeHook":null,"fulfillmentCodeHook":null,"slotPriorities":[]}