{"name":"GetFAQAnswer","identifier":"VUYEK4OFNU","description":null,"parentIntentSignature":null,"sampleUtterances":[{"utterance":"Request for more information"},{"utterance":"How does JOBJACK work"},{"utterance":"Is JOBJACK a scam"},{"utterance":"Call me"},{"utterance":"Not receiving job notifications anymore"},{"utterance":"Looking for a job Already registered"},{"utterance":"Forgot password send password link"},{"utterance":"Verification info"},{"utterance":"Information verified"},{"utterance":"Can t remember information"},{"utterance":"Active account"},{"utterance":"Can t provide correct information"},{"utterance":"I want to start fresh create a new account"},{"utterance":"Data"},{"utterance":"Login with email"},{"utterance":"ID linked"},{"utterance":"Already deleted account"},{"utterance":"Error when saving profile"},{"utterance":"JOBJACK App"},{"utterance":"Apply by location"},{"utterance":"Flagged Profile"},{"utterance":"100 Profile"},{"utterance":"Tax number needed"},{"utterance":"Bad credit score debt"},{"utterance":"Experience needed"},{"utterance":"Age restriction"},{"utterance":"Withdrew by mistake"},{"utterance":"Additional Information"},{"utterance":"Change employment status"},{"utterance":"Change phone number"},{"utterance":"Change nationality"},{"utterance":"Change ID"},{"utterance":"Change Location"},{"utterance":"Change experience"},{"utterance":"Change profile picture"},{"utterance":"Delete Profile"},{"utterance":"CV Download"},{"utterance":"Why does it not save when I am done"},{"utterance":"How to download a certificate"},{"utterance":"Tips improve profile"},{"utterance":"Unsuccessful"},{"utterance":"Appointed no feedback"},{"utterance":"How long till feedback"},{"utterance":"Nothing displaying"},{"utterance":"No timeslot"},{"utterance":"Rescheduling interviews"},{"utterance":"Extending contracts"},{"utterance":"Referral reject or decline"},{"utterance":"Referral not yourself"},{"utterance":"Referral 75 complete"},{"utterance":"Referral JJ reward"},{"utterance":"Referral job not available"},{"utterance":"Referral link sharing"},{"utterance":"Referral receive reward"}],"intentConfirmationSetting":null,"intentClosingSetting":null,"initialResponseSetting":{"conditional":null,"codeHook":{"isActive":true,"enableCodeHookInvocation":true,"invocationLabel":null,"postCodeHookSpecification":{"failureResponse":null,"failureNextStep":{"sessionAttributes":null,"intent":{"name":null,"slots":{}},"dialogAction":{"type":"EndConversation","slotToElicit":null,"suppressNextMessage":null,"intentsInScope":null}},"failureConditional":null,"successResponse":null,"successNextStep":{"sessionAttributes":null,"intent":{"name":null,"slots":{}},"dialogAction":{"type":"FulfillIntent","slotToElicit":null,"suppressNextMessage":null,"intentsInScope":null}},"successConditional":null,"timeoutResponse":null,"timeoutNextStep":{"sessionAttributes":null,"intent":{"name":null,"slots":{}},"dialogAction":{"type":"EndConversation","slotToElicit":null,"suppressNextMessage":null,"intentsInScope":null}},"timeoutConditional":null}},"nextStep":{"sessionAttributes":null,"intent":{"name":null,"slots":{}},"dialogAction":{"type":"InvokeDialogCodeHook","slotToElicit":null,"suppressNextMessage":null,"intentsInScope":null}},"initialResponse":{"messageGroupsList":[{"message":{"ssmlMessage":null,"customPayload":null,"plainTextMessage":{"value":"Okay, I can help with that."},"imageResponseCard":null},"variations":[{"ssmlMessage":null,"customPayload":null,"plainTextMessage":{"value":"Let's see if I can help."},"imageResponseCard":null},{"ssmlMessage":null,"customPayload":null,"plainTextMessage":{"value":"Let's take a look and see what we find."},"imageResponseCard":null}]}],"allowInterrupt":true}},"inputContexts":null,"outputContexts":null,"kendraConfiguration":null,"qnAIntentConfiguration":null,"bedrockAgentIntentConfiguration":null,"qInConnectIntentConfiguration":null,"dialogCodeHook":{"enabled":false},"fulfillmentCodeHook":{"isActive":true,"postFulfillmentStatusSpecification":{"failureResponse":null,"failureNextStep":{"sessionAttributes":{},"intent":{"name":null,"slots":{}},"dialogAction":{"type":"EndConversation","slotToElicit":null,"suppressNextMessage":null,"intentsInScope":null}},"successResponse":null,"successNextStep":{"sessionAttributes":{},"intent":{"name":null,"slots":{}},"dialogAction":{"type":"EndConversation","slotToElicit":null,"suppressNextMessage":null,"intentsInScope":null}},"timeoutResponse":null,"timeoutNextStep":{"sessionAttributes":{},"intent":{"name":null,"slots":{}},"dialogAction":{"type":"EndConversation","slotToElicit":null,"suppressNextMessage":null,"intentsInScope":null}}},"fulfillmentUpdatesSpecification":null,"enabled":true},"slotPriorities":[]}